name,price,url
Erigo Short Shirt Jazlyn Black,Rp 109.000,/products/erigo-short-shirt-jazlyn-black
Erigo Work Shirt Fritz Darkest Spruce,Rp 119.000,/products/erigo-work-shirt-fritz-darkest-spruce
Erigo Flannel Estee Black Unisex,Rp 99.000,/products/erigo-flannel-estee-black-unisex
Erigo Short Shirt Nessie Dark Green,Rp 109.000,/products/erigo-short-shirt-nessie-dark-green
Erigo Work Shirt Tesla Black,Rp 119.000,/products/erigo-work-shirt-tesla-black
Erigo Long Shirt Tettsu Navy,Rp 109.000,/products/erigo-long-shirt-tettsu-navy
Erigo Short Shirt Gribson Navy,Rp 109.000,/products/erigo-short-shirt-gribson-navy
Erigo Flannel Harriet Grey,Rp 99.000,/products/erigo-flannel-harriet-grey
Erigo Kemeja Shanghai Short Sleeve Siebe Black Unisex,Rp 115.000,/products/erigo-shanghai-short-sleeve-siebe-black-unisex
Erigo Short Shirt Othieno Army,Rp 109.000,/products/erigo-short-shirt-othieno-army
Erigo Flannel Aframe Green,Rp 99.000,/products/erigo-flannel-aframe-green
Erigo Short Shirt Lavrenti White,Rp 109.000,/products/erigo-short-shirt-lavrenti-white
Erigo Work Shirt Ezra Navy Unisex,Rp 119.000,/products/erigo-work-shirt-ezra-navy-unisex
Erigo Kemeja Basic Short Sleeve Floxy Navy Unisex,Rp 109.000,/products/erigo-basic-short-sleeve-floxy-navy-unisex
Erigo Kemeja Shanghai Longsleeve Venlo Navy Unisex,Rp 125.000,/products/erigo-shanghai-longsleeve-venlo-navy-unisex
Erigo Long Shirt Binzo Camel,Rp 109.000,/products/erigo-long-shirt-binzo-camel
Erigo Kemeja Shanghai Longsleeve Leiden Black Unisex,Rp 125.000,/products/erigo-shanghai-longsleeve-leiden-black-unisex
Erigo Kemeja Basic Longsleeve Mackenzie Navy Unisex,Rp 129.000,/products/erigo-basic-longsleeve-mackenzie-navy-unisex
Erigo Kemeja Basic Short Sleeve Abreana White Unisex,Rp 109.000,/products/erigo-basic-short-sleeve-abreana-white-unisex
Erigo Work Shirt Rurik Brown Rice,Rp 119.000,/products/erigo-work-shirt-rurik-brown-rice
Erigo Kemeja Shanghai Longsleeve Weyburn Emerald Unisex,Rp 125.000,/products/erigo-shanghai-longsleeve-weyburn-emerald-unisex
Erigo Flannel Trayvon Grey,Rp 99.000,/products/erigo-flannel-trayvon-grey
Erigo Kemeja Shanghai Longsleeve Fernie White Unisex,Rp 125.000,/products/erigo-shanghai-longsleeve-fernie-white-unisex
Erigo Kemeja Shanghai Longsleeve Orisha Black,Rp 125.000,/products/erigo-sanghai-longsleeve-basic
Erigo Flannel Maxiem Brown Unisex,Rp 99.000,/products/erigo-flannel-maxiem-brown-unisex
Erigo Short Shirt Arcelio Off White,Rp 99.000,/products/erigo-short-shirt-arcelio-off-white
Erigo Kemeja Basic Short Sleeve Blance Light Brown Unisex,Rp 115.000,/products/erigo-basic-short-sleeve-blance-light-brown-unisex
Erigo Flannel Machie Black,Rp 99.000,/products/erigo-flannel-machie-black
Erigo Kemeja Shanghai Longsleeve Rossland Light Brown Unisex,Rp 125.000,/products/erigo-shanghai-longsleeve-rossland-light-brown-unisex
Erigo Flannel Aderiyik Yellow Unisex,Rp 99.000,/products/erigo-flannel-aderiyik-yellow-unisex
Erigo Work Shirt Ragnar Misty Blue,Rp 99.000,/products/erigo-work-shirt-ragnar-misty-blue
Erigo Flannel Macraei Blue,Rp 99.000,/products/erigo-flannel-macraei-blue
Erigo Kemeja Shanghai Longsleeve Colwood Khaki Unisex,Rp 125.000,/products/erigo-shanghai-longsleeve-colwood-khaki-unisex
Erigo Flannel Maureen Black,Rp 99.000,/products/erigo-flannel-maureen-black
Erigo Kemeja Shanghai Short Sleeve Wout Navy Unisex,Rp 115.000,/products/erigo-shanghai-short-sleeve-wout-navy-unisex
Erigo Flannel Severin Navy,Rp 99.000,/products/erigo-flannel-severin-navy
Erigo Short Shirt Bilis Peach,Rp 99.000,/products/erigo-short-shirt-bilis-peach
Erigo Kemeja Shanghai Short Sleeve Tammy Light Brown Unisex,Rp 115.000,/products/erigo-shanghai-short-sleeve-tammy-light-brown-unisex
Erigo Kemeja Basic Short Sleeve Conway Olive Unisex,Rp 115.000,/products/erigo-basic-short-sleeve-conway-olive-unisex
Erigo Flannel Gauvan Grey,Rp 99.000,/products/erigo-flannel-gauvan-grey
Erigo Flannel Winola Red,Rp 99.000,/products/erigo-flannel-winola-red
Erigo Flannel Weberi Black,Rp 99.000,/products/erigo-flannel-weberi-black
Erigo Flannel Pullchra Blue,Rp 99.000,/products/erigo-flannel-pullchra-blue
Erigo Kemeja Shanghai Short Sleeve Quinten Emerald Unisex,Rp 115.000,/products/erigo-shanghai-short-sleeve-quinten-emerald-unisex
Erigo Flannel Winnie Black,Rp 99.000,/products/erigo-flannel-winnie-black
Erigo Flannel Pembroke Black,Rp 99.000,/products/erigo-flannel-pembroke-black
Erigo Flannel Abrihet Purple,Rp 99.000,/products/erigo-flannel-abrihet-purple
Erigo Kemeja Shanghai Longsleeve Humbold Army Unisex,Rp 125.000,/products/erigo-shanghai-longsleeve-humbold-army-unisex
Erigo Flannel Osanna Navy,Rp 99.000,/products/erigo-flannel-osanna-navy
Erigo Flannel Zinaida Red,Rp 99.000,/products/erigo-flannel-zinaida-red
Erigo Flannel Elapidae Black,Rp 99.000,/products/erigo-flannel-elapidae-balck
Erigo Flannel Leyva Blue,Rp 99.000,/products/erigo-flannel-leyva-blue
Erigo Flannel Askim Navy,Rp 99.000,/products/erigo-flannel-askim-navy
Erigo Kemeja Shanghai Short Sleeve Lova Army Unisex,Rp 115.000,/products/erigo-shanghai-short-sleeve-lova-army-unisex
Erigo Kemeja Basic Longsleeve Eckhart Olive Unisex,Rp 125.000,/products/erigo-basic-longsleeve-eckhart-olive-unisex
Erigo Flannel Aquene Dark Grey,Rp 99.000,/products/erigo-flannel-aquene-dark-grey
Erigo Flannel Strewarti Black,Rp 99.000,/products/erigo-flannel-strewarti-black
Erigo Short Shirt Gruney Red,Rp 99.000,/products/erigo-short-shirt-gruney-red
Erigo Kemeja Shanghai Short Sleeve Slania Khaki Unisex,Rp 115.000,/products/erigo-shanghai-short-sleeve-slania-khaki-unisex
Erigo Flannel Mohovil Purple,Rp 99.000,/products/erigo-flannel-mohovil-purple
Erigo Short Sleeve Flannel Signy Black,Rp 99.000,/products/erigo-short-sleeve-flannel-signy-black
Erigo Flannel Kathleen Navy Unisex,Rp 99.000,/products/erigo-flannel-kathleen-navy-unisex
Erigo Kemeja Basic Short Sleeve Mayfield Khaki Unisex,Rp 115.000,/products/erigo-basic-short-sleeve-mayfield-khaki-unisex
Erigo Flannel Bradley Black,Rp 99.000,/products/erigo-flannel-bradley-black
Erigo Kemeja Shanghai Short Sleeve Rune White Unisex,Rp 115.000,/products/erigo-shanghai-short-sleeve-rune-white-unisex
Erigo Long Shirt Motoaki Red,Rp 109.000,/products/erigo-long-shirt-motoaki-red
Erigo Flannel Edite Black,Rp 99.000,/products/erigo-flannel-edite-black
Erigo Flannel Erolien Blue,Rp 99.000,/products/erigo-flannel-erolien-blue
Erigo Kemeja Basic Longsleeve Foerza Emerald Unisex,Rp 125.000,/products/erigo-basic-longsleeve-foerza-emerald-unisex
Erigo Kemeja Basic Longsleeve Elrey Light Brown Unisex,Rp 125.000,/products/erigo-basic-longsleeve-elrey-light-brown-unisex
Erigo Flannel Icarus Navy,Rp 99.000,/products/erigo-kemeja-flannel-icarus-navy
Erigo Flannel Carly Navy,Rp 99.000,/products/erigo-flannel-carly-navy
Erigo Flannel Paavo Brown,Rp 99.000,/products/erigo-flannel-paavo-brown
Erigo Flannel Dwyne Navy,Rp 99.000,/products/erigo-flannel-dwyne-navy
Erigo Flannel Trinity Black,Rp 99.000,/products/erigo-flannel-trinity-black
Erigo Flannel Verlin Black,Rp 99.000,/products/erigo-flannel-verlin-black
Erigo Flannel Premysl Navy,Rp 99.000,/products/erigo-flannel-premysl-navy
Erigo Flannel Hilder Black,Rp 99.000,/products/erigo-flannel-hilder-black
Erigo Flannel Adwine Blue,Rp 99.000,/products/erigo-flannel-adwine-blue
Erigo Flannel Ginikanwa Green Unisex,Rp 99.000,/products/erigo-flannel-ginikanwa-green-unisex
Erigo Flannel Emmerich Orange Unisex,Rp 99.000,/products/erigo-flannel-emmerich-orange-unisex
Erigo Flannel Xylona Navy Unisex,Rp 99.000,/products/erigo-flannel-xylona-navy-unisex
Erigo Flannel Molly Navy Unisex,Rp 99.000,/products/erigo-flannel-molly-navy-unisex
Erigo Kemeja Basic Longsleeve Sherman Army Unisex,Rp 125.000,/products/erigo-basic-longsleeve-sherman-army-unisex
Erigo Kemeja Basic Short Sleeve Clise Emerald Unisex,Rp 115.000,/products/erigo-basic-short-sleeve-clise-emerald-unisex
Erigo Flannel Cannavaro Green,Rp 99.000,/products/erigo-flannel-cannavaro-green
Erigo Flannel Gwlanen Black,Rp 99.000,/products/erigo-flannel-gwlanen-black
Erigo Flannel Evarista White,Rp 99.000,/products/erigo-flannel-evarista-white
Erigo Flannel Emily Cream,Rp 99.000,/products/erigo-kemeja-flannel-emily-cream
Erigo Flannel Laborc Brown,Rp 99.000,/products/erigo-flannel-laborc-brown
Erigo Flannel Xanthipe Black,Rp 99.000,/products/erigo-flannel-xanthipe-black
Erigo Flannel Aleema White Unisex,Rp 99.000,/products/erigo-flannel-aleema-white-unisex
Erigo Flannel Ailard Navy,Rp 99.000,/products/erigo-flannel-ailard-navy
Erigo Flannel Diomira Red,Rp 99.000,/products/erigo-flannel-diomira-red
Erigo Flannel Cendric Black,Rp 99.000,/products/erigo-flannel-cendric-black
Erigo Flannel Dirk Navy,Rp 99.000,/products/erigo-flannel-dirk-navy
Erigo Short Sleeve Flannel Heimdall Black,Rp 99.000,/products/erigo-kemeja-pendek-flannel-heimdall-black
Erigo Flannel Halmahera Navy,Rp 99.000,/products/erigo-flannel-halmahera-navy
Erigo Flannel Twizel Red,Rp 99.000,/products/erigo-flannel-twizel-red
Erigo Flannel Wales Navy,Rp 99.000,/products/erigo-flannel-wales-navy
Erigo Flannel Faira Grey,Rp 99.000,/products/erigo-flannel-faira-grey
Erigo Flannel Rylyn Navy,Rp 99.000,/products/erigo-flannel-rylyn-navy
Erigo Flannel Rabiexa White,Rp 99.000,/products/erigo-flannel-rabiexa-white
Erigo Flannel Adeola Cream,Rp 99.000,/products/erigo-flannel-adeola-cream
Erigo Flannel Lafia Navy,Rp 99.000,/products/erigo-flannel-lafia-navy
Erigo Flannel Kyriel Black,Rp 99.000,/products/erigo-flannel-kyriel-black
Erigo Flannel Orisa Navy Unisex,Rp 99.000,/products/erigo-flannel-orisa-navy-unisex
Erigo Flannel Egelbert Dark Brown Unisex,Rp 99.000,/products/erigo-flannel-egelbert-dark-brown-unisex
Erigo Flannel Teresa Navy Unisex,Rp 95.000,/products/erigo-flannel-teresa-navy-unisex
Erigo Flannel Edyta Navy Unisex,Rp 99.000,/products/erigo-flannel-edyta-navy-unisex
Erigo Flannel Derral Black,Rp 99.000,/products/erigo-flannel-derral-black
Erigo Flannel Pacifyca Dark Grey,Rp 99.000,/products/erigo-flannel-pacifyca-dark-grey
Erigo Flannel Xanthe Navy,Rp 99.000,/products/erigo-flannel-xanthe-navy
Erigo Flannel Eguono Brown,Rp 99.000,/products/erigo-flannel-eguono-brown
Erigo Flannel Pythia Black,Rp 99.000,/products/erigo-flannel-pythia-black
Erigo Flannel Pierre Green,Rp 99.000,/products/erigo-flannel-pierre-green
Erigo Flannel Esmond Blue,Rp 99.000,/products/erigo-flannel-esmond-blue
Erigo Flannel Efemena Red,Rp 99.000,/products/erigo-flannel-efemena-red
Erigo Flannel Nihumi Red,Rp 99.000,/products/erigo-flannel-nihumi-red
Erigo Short Sleeve Flannel Kiera Navy,Rp 99.000,/products/erigo-short-sleeve-flannel-kiera-navy
Erigo Short Sleeve Flannel Gulizar Navy,Rp 99.000,/products/erigo-kemeja-pendek-flannel-gulizar-navy
Erigo Short Sleeve Flannel Aetwolf Red,Rp 350.000,/products/erigo-short-sleeve-flannel-aetwolf-red
Erigo Short Sleeve Flannel Vidar Black,Rp 350.000,/products/erigo-short-sleeve-flannel-vidar-black
Erigo Short Sleeve Flannel Hooke Red,Rp 350.000,/products/erigo-short-sleeve-flannel-hooke-red
Erigo Flannel Damien Navy Unisex,Rp 99.000,/products/erigo-flannel-damien-navy-unisex
Erigo Flannel Serge Black Unisex,Rp 99.000,/products/erigo-flannel-serge-black-unisex
Erigo Flannel Ariana Navy,Rp 99.000,/products/erigo-flannel-ariana-navy
Erigo Flannel Kennard Navy,Rp 99.000,/products/erigo-flannel-kennard-navy
Erigo Flannel Chiara Navy,Rp 99.000,/products/erigo-flannel-chiara-navy
Erigo Flannel Krunovlas Navy,Rp 99.000,/products/erigo-flannel-krunovlas-navy
Erigo Flannel Armonie Red,Rp 99.000,/products/erigo-flannel-armonie-red
Erigo Flannel Denbeigh Brown,Rp 99.000,/products/erigo-flannel-denbeigh-brown
Erigo Flannel Shareeza Blue,Rp 99.000,/products/erigo-flannel-shareeza-blue
Erigo Flannel Daniza Green,Rp 99.000,/products/erigo-flannel-daniza-green
Erigo Flannel Lebechi Navy,Rp 99.000,/products/erigo-flannel-lebechi-navy
Erigo Flannel Carrie Black,Rp 99.000,/products/erigo-flannel-carrie-black
Erigo Flannel Becari Black,Rp 99.000,/products/erigo-flannel-becari-black
Erigo Short Sleeve Flannel Elodie Black,Rp 99.000,/products/erigo-short-sleeve-flannel-elodie-black
Erigo Short Sleeve Flannel Benito Black,Rp 99.000,/products/erigo-kemeja-pendek-flannel-benito-black
Erigo Short Sleeve Flannel Samantha Black,Rp 99.000,/products/erigo-kemeja-pendek-flannel-samantha-black
Erigo Short Sleeve Flannel Brage Blue,Rp 99.000,/products/erigo-short-sleeve-flannel-brage-blue
Erigo Flannel Pavla Black,Rp 99.000,/products/erigo-flannel-pavla-black
Erigo Flannel Boiga Navy,Rp 99.000,/products/erigo-flannel-boiga-navy
Erigo Flannel Sputatrix Black,Rp 99.000,/products/erigo-flannel-sputatrix-black
Erigo Flannel Asiatica Blue,Rp 99.000,/products/erigo-flannel-asiatica-blue
Erigo Kemeja Shanghai Short Sleeve Tyra Olive Unisex,Rp 115.000,/products/erigo-shanghai-short-sleeve-tyra-olive-unisex
Erigo Flannel Auristela Brown,Rp 99.000,/products/erigo-flannel-auristela-brown
Erigo Flannel Heafen Light Grey,Rp 99.000,/products/erigo-kemeja-flannel-heafen-light-grey
Erigo Flannel Kazmery Green,Rp 99.000,/products/erigo-flannel-kazmery-green
Erigo Flannel Zacaryia Red,Rp 99.000,/products/erigo-flannel-zacaryia-red
Erigo Short Sleeve Flannel Maujo Black,Rp 99.000,/products/erigo-short-sleeve-flannel-maujo-black
Erigo Short Sleeve Flannel Defne Black,Rp 99.000,/products/erigo-short-sleeve-flannel-defne-black
Erigo Flannel Idalina Black Unisex,Rp 99.000,/products/erigo-flannel-idalina-black-unisex
Erigo Flannel Hedvige Black Unisex,Rp 95.000,/products/erigo-flannel-hedvige-black-unisex
Erigo Long Shirt Aizawa Maroon,Rp 109.000,/products/erigo-long-shirt-aizawa-maroon
Erigo Kemeja Basic Longsleeve Sierra Khaki Unisex,Rp 125.000,/products/erigo-basic-longsleeve-sierra-khaki-unisex
Erigo Flannel Almauri Black,Rp 99.000,/products/erigo-flannel-almauri-black
Erigo Flannel Eilaria Black,Rp 99.000,/products/erigo-flannel-eilaria-black
Erigo Flannel Advaya Green,Rp 99.000,/products/erigo-flannel-advaya-green
Erigo Flannel Padgett Navy,Rp 99.000,/products/erigo-flannel-padgett-navy
Erigo Flannel Annwyl Navy,Rp 99.000,/products/erigo-flannel-annwyl-navy
Erigo Flannel Rozkha Brown,Rp 99.000,/products/erigo-flannel-rozkha-brown
Erigo Flannel Gudytha Grey Unisex,Rp 99.000,/products/kemeje-unisex-erigo-flannel-gudytha-grey
Erigo Flannel Asteria Black,Rp 99.000,/products/erigo-flannel-asteria-black
Erigo Flannel Neyza Orange,Rp 99.000,/products/erigo-flannel-neyza-orange
Erigo Flannel Donatella White,Rp 99.000,/products/erigo-flannel-donatella-white
Erigo Flannel Jerzy Black,Rp 99.000,/products/erigo-flannel-jerzy-black
Erigo Flannel Cyrano Grey,Rp 99.000,/products/erigo-flannel-cyrano-grey
Erigo Flannel Ahaetulla Black,Rp 99.000,/products/erigo-flannel-ahaetulla-black
Erigo Short Sleeve Flannel Daisy Black,Rp 99.000,/products/erigo-short-sleeve-flannel-daisy-black
Erigo Short Shirt Vicente Orange,Rp 99.000,/products/erigo-short-shirt-vicente-orange
Erigo Flannel Aimo Red,Rp 99.000,/products/erigo-flannel-aimo-red
Erigo Short Sleeve Flannel Deimos Black,Rp 99.000,/products/erigo-kemeja-pendek-flannel-deimos-black
Erigo Flannel Stavenger Black,Rp 99.000,/products/erigo-flannel-stavenger-black
Erigo Flannel Bungarus Black,Rp 99.000,/products/erigo-flannel-bungarus-black
Erigo Flannel Colville Red,Rp 99.000,/products/erigo-flannel-colville-red
Erigo Flannel Barca Black,Rp 99.000,/products/erigo-flannel-barca-black
Erigo Kemeja Shanghai Longsleeve Deventer Olive Unisex,Rp 125.000,/products/erigo-shanghai-longsleeve-deventer-olive-unisex
Erigo Flannel Hilmaz White,Rp 99.000,/products/erigo-flannel-hilmaz-white
Erigo Flannel Elyor Red,Rp 99.000,/products/erigo-flannel-elyor-red
Erigo Flannel Jinadath Yellow,Rp 99.000,/products/erigo-flannel-jinadath-yellow
Erigo Flannel Clevon Black,Rp 99.000,/products/erigo-flannel-clevon-black
Erigo Flannel Dainen Green,Rp 99.000,/products/kemeja-unisex-erigo-flannel-dainen-green
Erigo Flannel Habenna Black,Rp 99.000,/products/erigo-flannel-habenna-black
Erigo Baseball Shirt Torreto Black,Rp 79.000,/products/erigo-baseball-shirt-torreto-black
Erigo Flannel Bourne Navy Unisex,Rp 99.000,/products/erigo-flannel-bourne-navy-unisex
Erigo Flannel Temidire Black Unisex,Rp 99.000,/products/erigo-flannel-temidire-black-unisex
Erigo Flannel Obiegali Navy Unisex,Rp 99.000,/products/erigo-flannel-obiegali-navy-unisex
Erigo Flannel Apollina Black Unisex,Rp 89.000,/products/erigo-flannel-apollina-black-unisex
Erigo Flannel Aneta Black Unisex,Rp 99.000,/products/erigo-flannel-aneta-black-unisex
Erigo Flannel Zinovia White Unisex,Rp 99.000,/products/erigo-flannel-zinovia-white-unisex
Erigo Flannel Evania Navy Unisex,Rp 99.000,/products/erigo-flannel-evania-navy-unisex
Erigo Flannel Themis Navy Unisex,Rp 99.000,/products/erigo-flannel-themis-navy-unisex
Erigo Flannel Abirama Black,Rp 99.000,/products/erigo-flannel-abirama-black
Erigo Flannel Roxanne Navy,Rp 99.000,/products/erigo-flannel-roxanne-navy
Erigo Flannel Evelyn Navy,Rp 99.000,/products/erigo-flannel-evelyn-navy
Erigo Flannel Alvina Navy,Rp 99.000,/products/erigo-flannel-alvina-navy
Erigo Flannel Casimir Grey,Rp 99.000,/products/erigo-flannel-casimir-grey
Erigo Flannel Wyatt Green,Rp 99.000,/products/erigo-flannel-wyatt-green
Erigo Flannel Cischo Blue,Rp 99.000,/products/erigo-flannel-cischo-blue
Erigo Flannel Ivano Green,Rp 99.000,/products/erigo-flannel-ivano-green
Erigo Flannel Pacienca Black,Rp 99.000,/products/erigo-flannel-pacienca-black
Erigo Flannel Nareswara Black,Rp 99.000,/products/erigo-flannel-nareswara-black
Erigo Flannel Ijemma White,Rp 99.000,/products/erigo-flannel-ijemma-white
Erigo Flannel Bramanty Navy,Rp 99.000,/products/erigo-flannel-bramanty-navy
Erigo Flannel Onajite Navy,Rp 99.000,/products/erigo-flannel-onajite-navy
Erigo Flannel Aimery Black,Rp 99.000,/products/erigo-flannel-aimery-black
Erigo Flannel Eldar Navy,Rp 99.000,/products/erigo-flannel-eldar-navy
Erigo Flannel Lumsden Navy,Rp 99.000,/products/erigo-flannel-lumsden-navy
Erigo Flannel Xenopeltis Black,Rp 99.000,/products/erigo-flannel-xenopeltis-black
Erigo Flannel Rawran Black,Rp 99.000,/products/erigo-flannel-rawran-black
Erigo Flannel Ziegleri Navy,Rp 99.000,/products/erigo-flannel-ziegleri-navy
Erigo Short Sleeve Flannel Zeeman Red,Rp 99.000,/products/erigo-kemeja-pendek-flannel-zeeman-red
Erigo Short Sleeve Flannel Hermite Blue,Rp 99.000,/products/erigo-kemeja-pendek-flannel-hermite-blue
Erigo Short Sleeve Flannel Kensington Red,Rp 99.000,/products/erigo-kemeja-pendek-flannel-kensington-red
Erigo Flannel Caernarfon Blue,Rp 99.000,/products/erigo-flannel-caernarfon-blue
Erigo Flannel Aramoana Green,Rp 99.000,/products/erigo-flannel-aramoana-green
Erigo Flannel Egersund Mint,Rp 99.000,/products/erigo-flannel-egersund-mint
Erigo Flannel Abell Navy,Rp 99.000,/products/erigo-flannel-abell-navy
Erigo Flannel Bubley Black,Rp 99.000,/products/erigo-flannel-bubley-black
Erigo Flannel Alesya Grey,Rp 99.000,/products/erigo-flannel-alesya-grey
Erigo Flannel Rabitha White,Rp 99.000,/products/erigo-flannel-rabitha-white
Erigo Flannel Kaaria Navy,Rp 99.000,/products/erigo-flannel-kaaria-navy
Erigo Flannel Verneyn Brown,Rp 99.000,/products/erigo-flannel-verneyn-brown
Erigo Flannel Erlio Blue,Rp 99.000,/products/erigo-flannel-erlio-blue
Erigo Flannel Letharte Brown,Rp 99.000,/products/erigo-flannel-letharte-brown
Erigo Flannel Achraf Green,Rp 99.000,/products/erigo-flannel-achraf-green
Erigo Flannel Gazhane Black,Rp 99.000,/products/erigo-flannel-gazhane-black
Erigo Flannel Xanthus Navy,Rp 99.000,/products/erigo-flannel-xanthus-navy
Erigo Flannel Alitash White,Rp 99.000,/products/erigo-flannel-alitash-white
Erigo Flannel Ngahuia Black,Rp 99.000,/products/erigo-flannel-ngahuia-black
Erigo Short Sleeve Flannel Filiz Black,Rp 350.000,/products/erigo-short-sleeve-flannel-filiz-black
Erigo Short Sleeve Flannel Charllote Black,Rp 350.000,/products/erigo-short-sleeve-flannel-charllote-black
Erigo Short Sleeve Flannel Enzo Black,Rp 350.000,/products/erigo-short-sleeve-flannel-enzo-black
Erigo Short Sleeve Flannel Esmeralda Brown,Rp 99.000,/products/erigo-short-sleeve-flannel-esmeralda-brown
Erigo Flannel Elvia White Unisex,Rp 99.000,/products/erigo-flannel-elvia-white-unisex
Erigo Flannel Aretta White Unisex,Rp 99.000,/products/erigo-flannel-aretta-white-unisex
Erigo Flannel Braylen Black Unisex,Rp 99.000,/products/erigo-flannel-braylen-black-unisex
Erigo Flannel Beverly Navy,Rp 99.000,/products/erigo-flannel-beverly-navy
Erigo Flannel Teodora Black,Rp 99.000,/products/erigo-flannel-teodora-black
Erigo Flannel Archard Navy,Rp 99.000,/products/erigo-flannel-archard-navy
Erigo Flannel Gerdie Black,Rp 99.000,/products/erigo-flannel-gerdie-black
Erigo Flannel Delania Navy,Rp 99.000,/products/erigo-flannel-delania-navy
Erigo Flannel Dyra Grey,Rp 99.000,/products/erigo-flannel-dyra-grey
Erigo Flannel Rutledge Black,Rp 99.000,/products/erigo-flannel-rutledge-black
Erigo Flannel Evren Tosca,Rp 99.000,/products/erigo-flannel-evren-tosca
Erigo Flannel Avraham Red,Rp 99.000,/products/erigo-flannel-avraham-red
Erigo Flannel Lydie Cream,Rp 99.000,/products/erigo-flannel-lydie-cream
Erigo Flannel Gavle Black,Rp 99.000,/products/erigo-flannel-gavle-black
Erigo Flannel Athifa Navy Unisex,Rp 99.000,/products/erigo-flannel-athifa-navy-unisex
Erigo Flannel Gianna Brown Unisex,Rp 99.000,/products/erigo-flannel-gianna-brown-unisex
Erigo Flannel Cadenza Red Unisex,Rp 99.000,/products/erigo-flannel-cadenza-red-unisex
Erigo Flannel Lynne Dark Grey Unisex,Rp 99.000,/products/erigo-flannel-lynne-dark-grey-unisex
Erigo Flannel Debbie Black Unisex,Rp 99.000,/products/erigo-flannel-debbie-black-unisex
Erigo Flannel Morgen Black Unisex,Rp 99.000,/products/erigo-flannel-morgen-black-unisex
Erigo Flannel Ejiroghene Orange Unisex,Rp 99.000,/products/erigo-flannel-ejiroghene-orange-unisex
Erigo Flannel Edosio Navy Unisex,Rp 99.000,/products/erigo-flannel-edosio-navy-unisex
Erigo Flannel Lalita Navy Unisex,Rp 99.000,/products/erigo-flannel-lalita-navy-unisex
Erigo Flannel Donatien Orange Unisex,Rp 99.000,/products/erigo-kemeja-flannel-donatien-orange-unisex
Erigo Flannel Nimsha Black Unisex,Rp 99.000,/products/erigo-kemeja-flannel-nimsha-black-unisex
Erigo Work Shirt | Gp Series Misty Blue,Rp 550.000,/products/erigo-work-shirt-gp-series-misty-blue
Erigo Work Shirt | Mgpa Racing Navy,Rp 550.000,/products/erigo-work-shirt-mgpa-racing-navy
Erigo Work Shirt | Mdk Series Maroon,Rp 495.000,/products/erigo-work-shirt-mdk-series-maroon
Erigo T-Shirt | Mandalika Gp Series Almond Milk,Rp 350.000,/products/erigo-t-shirt-mandalika-gp-series-almond-milk
Erigo Flannel Barsha Navy,Rp 99.000,/products/erigo-flannel-barsha-navy
Erigo Flannel Mitaire Navy,Rp 99.000,/products/erigo-flannel-mitaire-navy
Erigo Flannel Tejumola Black,Rp 99.000,/products/erigo-flannel-tejumola-black
Erigo Flannel Atharwa Orange,Rp 99.000,/products/erigo-flannel-atharwa-orange
Erigo Flannel Bolanile Navy,Rp 99.000,/products/erigo-flannel-bolanile-navy
Erigo Flannel Dwight Navy,Rp 99.000,/products/erigo-flannel-dwight-navy
Erigo Flannel Cydney Navy,Rp 99.000,/products/erigo-flannel-cydney-navy
Erigo Flannel Olena Navy,Rp 99.000,/products/erigo-flannel-olena-navy
Erigo Flannel Colubridae Red,Rp 99.000,/products/erigo-flannel-colubridae-red
Erigo Flannel Viridis Navy,Rp 95.000,/products/erigo-flannel-viridis-navy
Erigo Flannel Tello Red Unisex,Rp 99.000,/products/erigo-flannel-tello-red
Erigo Short Sleeve Flannel Dyson Navy,Rp 99.000,/products/erigo-kemeja-pendek-flannel-dyson-navy
Erigo Short Sleeve Flannel Kragh Black,Rp 99.000,/products/erigo-kemeja-pendek-flannel-kragh-black
Erigo Short Sleeve Flannel Jasper Navy,Rp 99.000,/products/erigo-kemeja-pendek-flannel-jasper-navy
Erigo Flannel Skanor Navy,Rp 99.000,/products/erigo-flannel-skanor-navy
Erigo Flannel Latrice Brown,Rp 99.000,/products/erigo-flannel-latrice-brown
Erigo Flannel Frankton Yellow,Rp 99.000,/products/erigo-flannel-frankton-yellow
Erigo Flannel Luggate Dark Green,Rp 99.000,/products/erigo-flannel-luggate-dark-green
Erigo Flannel Straume Magenta,Rp 99.000,/products/erigo-flannel-straume-magenta
Erigo Flannel Culverden Red,Rp 99.000,/products/erigo-flannel-culverden-red
Erigo Flannel Grovik Yellow,Rp 99.000,/products/erigo-flannel-grovik-yellow
Erigo Flannel Larvik Pink,Rp 99.000,/products/erigo-flannel-larvik-pink
Erigo Flannel Caiman Black,Rp 99.000,/products/erigo-flannel-caiman-black
Erigo Flannel Morelia Navy,Rp 99.000,/products/erigo-flannel-morelia-navy
Erigo Flannel Gino Red,Rp 99.000,/products/erigo-flannel-gino-red
Erigo Flannel Davano Grey,Rp 99.000,/products/erigo-flannel-davano-grey
Erigo Long Shirt Sachio Purple,Rp 109.000,/products/erigo-long-shirt-sachio-purple
Erigo Flannel Lorenc Navy,Rp 99.000,/products/erigo-flannel-lorenc-navy
Erigo Flannel Kabibe Red,Rp 99.000,/products/erigo-flannel-kabibe-red
Erigo Flannel Kachada Magenta,Rp 99.000,/products/erigo-flannel-kachada-magenta
Erigo Flannel Adjoa Black,Rp 99.000,/products/erigo-flannel-adjoa-black
Erigo Flannel Horiye Red,Rp 99.000,/products/erigo-flannel-horiye-red
Erigo Flannel Abena Navy,Rp 99.000,/products/erigo-flannel-abena-navy
Erigo Flannel Rynne Navy,Rp 99.000,/products/erigo-flannel-rynne-navy
Erigo Flannel Anulika White,Rp 99.000,/products/erigo-flannel-anulika-white
Erigo Flannel Aeronwy Purple,Rp 99.000,/products/erigo-flannel-aeronwy-purple
Erigo Flannel Anarawd Rust,Rp 99.000,/products/erigo-flannel-anarawd-rust
Erigo Flannel Dackroche Green,Rp 99.000,/products/erigo-flannel-dackroche-green
Erigo Flannel Aedre Navy,Rp 99.000,/products/erigo-flannel-aedre-navy
Erigo Flannel Keniah Black,Rp 99.000,/products/erigo-flannel-keniah-black
Erigo Short Sleeve Flannel Stern Navy,Rp 99.000,/products/erigo-short-sleeve-flannel-stern-navy
Erigo Short Sleeve Flannel Ingrid Grey,Rp 99.000,/products/erigo-short-sleeve-flannel-ingrid-grey
Erigo Short Sleeve Flannel Eostre Black,Rp 350.000,/products/erigo-short-sleeve-flannel-eostre-black
Erigo Short Sleeve Flannel Neumann Black,Rp 350.000,/products/erigo-short-sleeve-flannel-neumann-black
Erigo Short Sleeve Flannel Balder Black,Rp 350.000,/products/erigo-short-sleeve-flannel-balder-black
Erigo Flannel Gaidzan Black Unisex,Rp 99.000,/products/erigo-flannel-gaidzan-black-unisex
Erigo Flannel Ifrechi Black Unisex,Rp 99.000,/products/erigo-flannel-ifrechi-black-unisex
Erigo Kemeja Shanghai Longsleeve Deviela Khaki,Rp 125.000,/products/erigo-kemeja-shanghai-longsleeve-daviela-khaki
Erigo Kemeja Shanghai Longsleeve Agasy Brown,Rp 125.000,/products/copy-of-copy-of-erigo-kemeja-shanghai-longsleeve-agasy-brown
Erigo Kemeja Shanghai Longsleeve Geffie Grey,Rp 125.000,/products/copy-of-erigo-kemeja-shanghai-longsleeve-geffie-grey
Erigo Kemeja Shanghai Longsleeve Alceena Green,Rp 125.000,/products/copy-of-erigo-kemeja-shanghai-longsleeve-alceena-green
Erigo Kemeja Shanghai Longsleeve Veddira Navy,Rp 125.000,/products/erigo-kemeja-shanghai-longsleeve-veddira-navy
Erigo Kemeja Shanghai Longsleeve Chesy Army,Rp 125.000,/products/erigo-kemeja-shanghai-longsleeve-chesy-army
Erigo Flannel Carmen White,Rp 99.000,/products/erigo-flannel-carmen-white
Erigo Flannel Arline Black,Rp 99.000,/products/erigo-flannel-arline-black
Erigo Flannel Adalrich Navy,Rp 99.000,/products/erigo-flannel-adalrich-navy
Erigo Flannel Ekremy White,Rp 99.000,/products/erigo-flannel-ekremy-white
Erigo Flannel Rygeland White,Rp 99.000,/products/erigo-flannel-rygeland-white
Erigo Flannel Berknat Black,Rp 99.000,/products/erigo-flannel-berknat-black
Erigo Flannel Ryscfo Black,Rp 99.000,/products/erigo-flannel-ryscfo-black
Erigo Flannel Ruzena Green,Rp 99.000,/products/erigo-flannel-ruzena-green
Erigo Flannel Porirua Black,Rp 99.000,/products/erigo-flannel-porirua-black
Erigo Flannel Aikani Brown,Rp 99.000,/products/erigo-flannel-aikani-brown
Erigo Flannel Street Navy,Rp 99.000,/products/erigo-flannel-street-navy
Erigo Flannel Kaimata Red,Rp 99.000,/products/erigo-flannel-kaimata-red
